<?xml version="1.0" encoding="UTF-8" ?>
<root>
	<key name="105.금융/부동산">
		<key name="105.신용카드">
			<key name="101.신용카드포털"></key>
			<key name="100.신용카드"></key>
		</key>
		<key name="106.은행">
			<key name="100.시중은행"></key>
			<key name="101.저축은행"></key>
			<key name="104.해외은행"></key>
			<key name="103.특수은행"></key>
			<key name="102.지방은행"></key>
		</key>
		<key name="102.보험">
			<key name="105.온라인 생명보험"></key>
			<key name="101.보험포털"></key>
			<key name="100.보험기타"></key>
			<key name="106.자동차보험"></key>
			<key name="102.사회보험/기관"></key>
			<key name="107.태아/어린이보험"></key>
			<key name="103.생명보험"></key>
			<key name="104.손해/화재보험"></key>
		</key>
		<key name="100.금융">
			<key name="107.협동/공제조합"></key>
			<key name="105.창업투자/벤처캐피탈"></key>
			<key name="102.금융포털"></key>
			<key name="106.포털금융"></key>
			<key name="101.금융기타"></key>
			<key name="103.인수합병컨설팅"></key>
			<key name="100.금융기관"></key>
			<key name="104.입찰"></key>
		</key>
		<key name="101.대출">
			<key name="101.할부금융/캐피탈"></key>
			<key name="100.대출"></key>
		</key>
		<key name="108.지불/결제">
			<key name="103.휴대폰결제"></key>
			<key name="101.인터넷납부"></key>
			<key name="100.안전거래/에스크로"></key>
			<key name="102.전자결제/전자화폐"></key>
		</key>
		<key name="107.증권/주식/자산관리">
			<key name="109.투자자문"></key>
			<key name="104.자산운용/투자신탁"></key>
			<key name="111.포털증권"></key>
			<key name="107.증권사"></key>
			<key name="101.부동산신탁"></key>
			<key name="105.재무설계/컨설팅"></key>
			<key name="102.비상장/프리보드"></key>
			<key name="108.채권"></key>
			<key name="103.선물/옵션/채권"></key>
			<key name="100.모의투자"></key>
			<key name="106.증권/투자정보"></key>
			<key name="110.펀드정보"></key>
		</key>
		<key name="104.신용정보">
			<key name="101.신용정보/신용평가"></key>
			<key name="100.신용보증재단"></key>
		</key>
		<key name="103.부동산">
			<key name="116.포털부동산"></key>
			<key name="117.해외부동산정보"></key>
			<key name="103.부동산컨설팅"></key>
			<key name="107.전문부동산정보"></key>
			<key name="104.아파트/주상복합브랜드"></key>
			<key name="114.지역부동산중개소(충청도)"></key>
			<key name="115.지역분양홍보"></key>
			<key name="112.지역부동산중개소(전라도)"></key>
			<key name="110.지역부동산중개소(경상도)"></key>
			<key name="108.지역부동산중개소(강원도)"></key>
			<key name="111.지역부동산중개소(서울)"></key>
			<key name="113.지역부동산중개소(제주도)"></key>
			<key name="106.자산/시설관리"></key>
			<key name="101.부동산경매"></key>
			<key name="105.원룸/고시원 전문"></key>
			<key name="109.지역부동산중개소(경기도)"></key>
			<key name="102.부동산종합정보"></key>
			<key name="100.부동산개발"></key>
		</key>
	</key>
	<key name="104.교육">
		<key name="101.교육기타">
			<key name="121.진로상담"></key>
			<key name="102.교원단체/모임"></key>
			<key name="107.교육지원청"></key>
			<key name="110.기타교육기관"></key>
			<key name="113.대안학교"></key>
			<key name="103.교육관련단체"></key>
			<key name="118.연구소"></key>
			<key name="106.교육자"></key>
			<key name="115.성인/전문교육업체"></key>
			<key name="120.장학재단"></key>
			<key name="112.기타학원/교육"></key>
			<key name="104.교육관련업체"></key>
			<key name="114.성상담"></key>
			<key name="109.기업/직무교육"></key>
			<key name="117.시험/자격증"></key>
			<key name="116.시도교육청"></key>
			<key name="101.교수/교과정보"></key>
			<key name="105.교육기자재제조업체"></key>
			<key name="100.경시대회"></key>
			<key name="111.기타학원"></key>
			<key name="108.교재/교구쇼핑몰"></key>
			<key name="119.연수원"></key>
		</key>
		<key name="103.대학/대학교/편입">
			<key name="116.해외종합대학교"></key>
			<key name="112.신학대학"></key>
			<key name="100.DEET/MEET학원"></key>
			<key name="114.전문대학"></key>
			<key name="103.공업대"></key>
			<key name="115.정보대학"></key>
			<key name="110.사관학교"></key>
			<key name="104.과학대학"></key>
			<key name="108.대학/대학교 커뮤니티"></key>
			<key name="105.국내종합대학교"></key>
			<key name="109.대학원"></key>
			<key name="107.논문/레포트"></key>
			<key name="102.간호/보건대학"></key>
			<key name="111.사이버대학"></key>
			<key name="113.입시/편입"></key>
			<key name="101.LEET학원"></key>
			<key name="106.기능대학"></key>
		</key>
		<key name="106.초중고교육/수능">
			<key name="117.중등교육"></key>
			<key name="103.대입정보/가이드"></key>
			<key name="107.수학전문교육"></key>
			<key name="112.외국어고"></key>
			<key name="124.특수학교"></key>
			<key name="121.특목고입시"></key>
			<key name="106.수능/대학입시"></key>
			<key name="100.과외"></key>
			<key name="118.중학교"></key>
			<key name="115.전문계고"></key>
			<key name="109.언어/논술전문교육"></key>
			<key name="114.자사고/국제고"></key>
			<key name="122.특성화고"></key>
			<key name="120.초등학교"></key>
			<key name="105.사이버가정학습"></key>
			<key name="111.예체능고"></key>
			<key name="116.종합학생교육"></key>
			<key name="110.언어/논술학원"></key>
			<key name="108.숙제/내신"></key>
			<key name="119.초등교육"></key>
			<key name="123.특수교육 기관/단체"></key>
			<key name="102.기숙학원"></key>
			<key name="113.일반계고"></key>
			<key name="104.미술치료"></key>
			<key name="101.과학고"></key>
		</key>
		<key name="107.학점은행/직업전문학교/평생교육">
			<key name="100.직업전문학교"></key>
			<key name="101.학점은행제/평생교육"></key>
		</key>
		<key name="105.전자도서관/학술정보/사전">
			<key name="102.공학"></key>
			<key name="118.원자력공학"></key>
			<key name="125.천문학"></key>
			<key name="108.농학"></key>
			<key name="124.지리학"></key>
			<key name="115.언어학"></key>
			<key name="114.심리학"></key>
			<key name="107.기타자연과학"></key>
			<key name="109.법학"></key>
			<key name="110.사전"></key>
			<key name="111.사회학"></key>
			<key name="120.전자도서관"></key>
			<key name="113.신문방송학"></key>
			<key name="104.기초자연과학"></key>
			<key name="119.전자/전기공학"></key>
			<key name="103.과학관련협회"></key>
			<key name="112.수학"></key>
			<key name="122.정치/행정학"></key>
			<key name="117.역사학"></key>
			<key name="127.포털사전"></key>
			<key name="126.철학"></key>
			<key name="121.정보통신공학"></key>
			<key name="101.경영/경제학"></key>
			<key name="106.기타인문과학"></key>
			<key name="128.학술정보/DB검색"></key>
			<key name="123.종교학"></key>
			<key name="100.건축/토목공학"></key>
			<key name="116.에너지관련 단체"></key>
			<key name="105.기타사회과학"></key>
		</key>
		<key name="100.고시/공무원학원">
			<key name="102.교원임용고시전문"></key>
			<key name="101.고시/자격증학원"></key>
			<key name="100.검정고시교육"></key>
		</key>
		<key name="104.외국어/유학/연수">
			<key name="104.일본어"></key>
			<key name="105.전화/화상영어"></key>
			<key name="101.영어"></key>
			<key name="106.중국어"></key>
			<key name="100.어학교육업체"></key>
			<key name="102.외국어"></key>
			<key name="107.한자"></key>
			<key name="103.유학/어학연수"></key>
		</key>
		<key name="102.기술/자격증교육">
			<key name="115.종합성인교육"></key>
			<key name="116.컴퓨터/IT교육"></key>
			<key name="105.미술학원"></key>
			<key name="114.음악학원"></key>
			<key name="106.미용학원"></key>
			<key name="107.부동산/주택교육"></key>
			<key name="102.금융/보험교육"></key>
			<key name="112.운전면허학원"></key>
			<key name="111.요리/제과/제빵학원"></key>
			<key name="110.연예/연기학원"></key>
			<key name="104.디자인학원"></key>
			<key name="108.시험/자격증교육(단과)"></key>
			<key name="101.국비지원학원 정보"></key>
			<key name="103.기타전문분야교육"></key>
			<key name="117.학원정보"></key>
			<key name="100.건축/그래픽학원"></key>
			<key name="113.웹디자인전문학원"></key>
			<key name="109.시험/자격증교육(종합)"></key>
		</key>
	</key>
	<key name="102.건강">
		<key name="103.비뇨기과">
			<key name="100.비뇨기과"></key>
		</key>
		<key name="110.한의원/한방병원">
			<key name="100.한의원/한방병원"></key>
		</key>
		<key name="100.건강/의학">
			<key name="109.한의학"></key>
			<key name="108.치의학"></key>
			<key name="100.건강/의학관련단체"></key>
			<key name="101.건강/의학기타"></key>
			<key name="107.의학연구"></key>
			<key name="103.건강정보"></key>
			<key name="105.대체의학"></key>
			<key name="106.의학신문"></key>
			<key name="102.건강/의학포털"></key>
			<key name="104.금연"></key>
		</key>
		<key name="102.기타병/의원">
			<key name="109.요양병원"></key>
			<key name="101.내과"></key>
			<key name="114.체형교정 클리닉"></key>
			<key name="107.신경정신과"></key>
			<key name="110.이비인후과"></key>
			<key name="104.방사선과"></key>
			<key name="112.정형외과"></key>
			<key name="102.대장/항문과"></key>
			<key name="113.종합병원"></key>
			<key name="111.재활의학과"></key>
			<key name="103.대학병원"></key>
			<key name="108.외과"></key>
			<key name="100.국립병원"></key>
			<key name="106.신경외과"></key>
			<key name="105.소아과"></key>
		</key>
		<key name="108.치과">
			<key name="100.치과"></key>
		</key>
		<key name="109.피부과">
			<key name="100.피부과"></key>
		</key>
		<key name="101.건강보조식품">
			<key name="100.건강관련쇼핑몰"></key>
			<key name="101.헬스보충제쇼핑몰"></key>
		</key>
		<key name="107.의약품/의료기기/의료용품">
			<key name="101.약국"></key>
			<key name="105.의료기기제조"></key>
			<key name="103.약학기관/단체"></key>
			<key name="104.의료기기쇼핑몰"></key>
			<key name="100.안경/콘텍트렌즈"></key>
			<key name="106.의약제조"></key>
			<key name="102.약학"></key>
		</key>
		<key name="105.성형외과">
			<key name="100.성형외과"></key>
		</key>
		<key name="104.산부인과">
			<key name="100.산부인과"></key>
		</key>
		<key name="106.안과">
			<key name="100.안과"></key>
		</key>
	</key>
	<key name="112.식/음료">
		<key name="101.식품 브랜드/제조사">
			<key name="111.호두과자브랜드"></key>
			<key name="109.전통음식제조"></key>
			<key name="104.베이커리/제과점"></key>
			<key name="106.우유/유제품제조"></key>
			<key name="102.담배제조"></key>
			<key name="100.과자/빙과제조"></key>
			<key name="105.식품제조"></key>
			<key name="107.음료브랜드"></key>
			<key name="101.과자/스낵브랜드"></key>
			<key name="108.음료제조"></key>
			<key name="103.맥주브랜드"></key>
			<key name="110.주류제조/유통"></key>
		</key>
		<key name="102.요리/음식/식품 정보">
			<key name="101.식품정보"></key>
			<key name="100.술/주류정보"></key>
			<key name="102.요리/음식정보"></key>
		</key>
		<key name="100.식/음료 쇼핑">
			<key name="101.김치쇼핑몰"></key>
			<key name="100.과일쇼핑몰"></key>
			<key name="107.음료쇼핑몰"></key>
			<key name="104.수산물쇼핑몰"></key>
			<key name="110.케익쇼핑몰"></key>
			<key name="106.유기농쇼핑몰"></key>
			<key name="105.식품쇼핑몰"></key>
			<key name="102.배달음식쇼핑몰"></key>
			<key name="108.인터넷슈퍼마켓"></key>
			<key name="111.특산식품쇼핑몰"></key>
			<key name="109.축산식품쇼핑몰"></key>
			<key name="103.생식쇼핑몰"></key>
		</key>
		<key name="103.음식점/레스토랑">
			<key name="104.패밀리레스토랑"></key>
			<key name="105.피자/스파게티"></key>
			<key name="102.분식전문점"></key>
			<key name="101.까페/음식점"></key>
			<key name="106.한식전문점"></key>
			<key name="103.커피전문점"></key>
			<key name="100.급식/출장요리"></key>
			<key name="107.호프전문점"></key>
		</key>
	</key>
	<key name="101.가정/생활">
		<key name="107.취미">
			<key name="100.공예"></key>
			<key name="106.생활/취미기타"></key>
			<key name="105.비즈공예"></key>
			<key name="104.분재"></key>
			<key name="101.마술"></key>
			<key name="103.바둑/장기"></key>
			<key name="107.서예"></key>
			<key name="109.십자수/퀼트"></key>
			<key name="102.모형/프라모델"></key>
			<key name="108.수집"></key>
		</key>
		<key name="102.꽃/이벤트/선물">
			<key name="102.꽃배달서비스"></key>
			<key name="111.휴대폰악세사리쇼핑몰"></key>
			<key name="106.오락"></key>
			<key name="108.캐릭터상품"></key>
			<key name="109.파티용품쇼핑몰"></key>
			<key name="105.엽기용품"></key>
			<key name="101.군인용품/군위문품쇼핑몰"></key>
			<key name="104.선물/디자인소품쇼핑몰"></key>
			<key name="103.상품권쇼핑몰"></key>
			<key name="100.공예품"></key>
			<key name="110.퍼즐쇼핑몰"></key>
			<key name="107.인형"></key>
		</key>
		<key name="105.애완동물">
			<key name="100.동물병원"></key>
			<key name="101.애완동물분양/용품"></key>
		</key>
		<key name="106.이사/운송">
			<key name="103.택배/물류"></key>
			<key name="100.교통/수송업체"></key>
			<key name="101.보관/저장"></key>
			<key name="104.해외이사"></key>
			<key name="102.이사/보관"></key>
			<key name="105.해운/선박"></key>
		</key>
		<key name="100.가구/인테리어">
			<key name="100.가구제조"></key>
			<key name="106.중고가구쇼핑몰"></key>
			<key name="109.허브용품쇼핑몰"></key>
			<key name="110.홈인테리어용품쇼핑몰"></key>
			<key name="101.매장디스플레이용품쇼핑몰"></key>
			<key name="104.전문가구쇼핑몰"></key>
			<key name="105.종합가구쇼핑몰"></key>
			<key name="107.침구/커튼쇼핑몰"></key>
			<key name="103.인테리어업체"></key>
			<key name="102.인테리어시공"></key>
			<key name="108.포스터/액자쇼핑몰"></key>
		</key>
		<key name="103.생활서비스">
			<key name="100.A/S센터"></key>
			<key name="109.작명"></key>
			<key name="110.장례"></key>
			<key name="101.경비/경호서비스"></key>
			<key name="104.동영상제작"></key>
			<key name="102.기타서비스"></key>
			<key name="112.컨벤션센터/대행"></key>
			<key name="103.도서대여"></key>
			<key name="105.민원대행"></key>
			<key name="106.사진관/스튜디오"></key>
			<key name="107.안경점"></key>
			<key name="108.온라인사진인화"></key>
			<key name="111.청소/세탁"></key>
		</key>
		<key name="104.생활용품">
			<key name="105.성인쇼핑몰"></key>
			<key name="100.기타가정용품제조"></key>
			<key name="114.화장지제조"></key>
			<key name="108.종교용품쇼핑몰"></key>
			<key name="109.주방용품"></key>
			<key name="106.위생용품제조"></key>
			<key name="104.생활용품쇼핑몰"></key>
			<key name="107.정수기판매/대여"></key>
			<key name="102.도장/인장쇼핑몰"></key>
			<key name="110.주방용품브랜드"></key>
			<key name="101.기타전문생활용품"></key>
			<key name="103.생활용품"></key>
			<key name="113.호신용품쇼핑몰"></key>
			<key name="112.캘린더쇼핑몰"></key>
			<key name="111.칫솔/치약"></key>
		</key>
		<key name="101.교통/날씨/주유및기타생활정보">
			<key name="109.컨벤션/박람회"></key>
			<key name="104.생활정보"></key>
			<key name="101.고속도로정보"></key>
			<key name="100.경품정보"></key>
			<key name="107.전화번호/주소안내"></key>
			<key name="105.이민"></key>
			<key name="102.교통정보"></key>
			<key name="110.패션/미용정보"></key>
			<key name="108.주유정보"></key>
			<key name="111.프로덕션"></key>
			<key name="103.날씨정보"></key>
			<key name="106.자취/하숙"></key>
		</key>
	</key>
	<key name="900.Custom">
		<key name="100.직장인"></key>
	</key>
	<key name="301.iOS게임">
		<key name="101.가족"></key>
		<key name="102.교육 관련"></key>
		<key name="118.퍼즐"></key>
		<key name="104.레이싱"></key>
		<key name="115.카드"></key>
		<key name="103.단어"></key>
		<key name="100.게임"></key>
		<key name="109.아케이드"></key>
		<key name="117.퀴즈"></key>
		<key name="112.음악"></key>
		<key name="110.액션"></key>
		<key name="114.주사위"></key>
		<key name="113.전략"></key>
		<key name="111.어드벤처"></key>
		<key name="116.카지노"></key>
		<key name="108.시뮬레이션"></key>
		<key name="105.롤플레잉"></key>
		<key name="106.보드"></key>
		<key name="107.스포츠"></key>
	</key>
	<key name="108.미용">
		<key name="101.화장품">
			<key name="109.화장품쇼핑몰"></key>
			<key name="102.천연화장품쇼핑몰"></key>
			<key name="105.화장/메이크업서비스"></key>
			<key name="110.화장품제조"></key>
			<key name="101.종합화장품쇼핑몰"></key>
			<key name="104.향수쇼핑몰"></key>
			<key name="100.수입화장품쇼핑몰"></key>
			<key name="103.한방화장품쇼핑몰"></key>
			<key name="107.화장품브랜드업체"></key>
			<key name="108.화장품샘플쇼핑몰"></key>
			<key name="106.화장품브랜드쇼핑몰"></key>
		</key>
		<key name="100.미용및체형관리/용품">
			<key name="111.바디케어/목욕용품제조"></key>
			<key name="106.목욕탕/사우나"></key>
			<key name="109.미용기기쇼핑몰"></key>
			<key name="117.체형교정"></key>
			<key name="108.미용기기 정보/제조"></key>
			<key name="100.네일아트"></key>
			<key name="102.다이어트정보"></key>
			<key name="119.헤어케어용품제조"></key>
			<key name="101.다이어트쇼핑몰"></key>
			<key name="113.비누쇼핑몰"></key>
			<key name="116.체형/피부관리"></key>
			<key name="112.발관리"></key>
			<key name="104.명상/요가"></key>
			<key name="110.미용실"></key>
			<key name="114.비만클리닉"></key>
			<key name="115.스파"></key>
			<key name="103.단식원"></key>
			<key name="118.헤어/미용쇼핑몰"></key>
			<key name="105.모발관리"></key>
			<key name="107.문신"></key>
			<key name="120.헬스/에어로빅"></key>
		</key>
	</key>
	<key name="103.결혼/출산/육아">
		<key name="103.임신/출산">
			<key name="101.제대혈"></key>
			<key name="100.산후조리원"></key>
			<key name="102.출산/육아정보"></key>
		</key>
		<key name="101.웨딩상품/컨설팅">
			<key name="105.청첩장"></key>
			<key name="104.웨딩컨설팅"></key>
			<key name="103.웨딩스튜디오"></key>
			<key name="101.웨딩도우미"></key>
			<key name="100.예식장"></key>
			<key name="102.웨딩드레스"></key>
			<key name="106.폐백/이바지음식"></key>
		</key>
		<key name="100.결혼정보/중매">
			<key name="100.결혼정보/중매"></key>
			<key name="101.국제결혼"></key>
		</key>
		<key name="102.육아">
			<key name="108.유아용품제조"></key>
			<key name="109.유치원/어린이집"></key>
			<key name="100.돌잔치"></key>
			<key name="102.어린이/유아교육"></key>
			<key name="103.어린이보호/안전용품쇼핑몰"></key>
			<key name="106.유아교육업체"></key>
			<key name="107.유아용품쇼핑몰"></key>
			<key name="111.중고유아용품쇼핑몰"></key>
			<key name="101.베이비시터"></key>
			<key name="110.장난감/완구쇼핑몰"></key>
			<key name="104.영재교육"></key>
			<key name="105.유아교육기관"></key>
		</key>
	</key>
	<key name="118.정치/행정">
		<key name="106.행정/민원/공공서비스">
			<key name="110.공공통계"></key>
			<key name="111.공공환경/자연"></key>
			<key name="105.공공복지"></key>
			<key name="108.공공질서/안전"></key>
			<key name="102.공공기업/경제"></key>
			<key name="107.공공직업/근로"></key>
			<key name="113.군대 기타"></key>
			<key name="116.지역개발"></key>
			<key name="115.기타공공서비스"></key>
			<key name="112.국방/병무"></key>
			<key name="100.공공건강"></key>
			<key name="118.행정/민원"></key>
			<key name="101.공공교육"></key>
			<key name="114.군대/국방"></key>
			<key name="104.공공문화/여가"></key>
			<key name="103.공공농수산"></key>
			<key name="106.공공생활정보"></key>
			<key name="109.공공취업/창업"></key>
			<key name="117.특수부대"></key>
		</key>
		<key name="102.정부투자기관">
			<key name="100.공기업"></key>
			<key name="101.공단"></key>
			<key name="102.정부출연연구기관"></key>
		</key>
		<key name="101.외국정부/외교">
			<key name="101.기타권역국가기관"></key>
			<key name="105.주한외교공관"></key>
			<key name="103.아시아권국가기관"></key>
			<key name="100.국제기구"></key>
			<key name="102.미주권국가기관"></key>
			<key name="104.재외공관"></key>
		</key>
		<key name="100.법/법률">
			<key name="103.법률사무소"></key>
			<key name="104.특허/지식재산권"></key>
			<key name="100.노무법인"></key>
			<key name="102.법률관련협회/단체"></key>
			<key name="101.법/법률정보"></key>
		</key>
		<key name="104.중앙정부/기관">
			<key name="100.경찰청/경찰서"></key>
			<key name="101.기타중앙기관"></key>
			<key name="102.사법기관"></key>
			<key name="104.입법기관"></key>
			<key name="106.중앙행정기관"></key>
			<key name="105.정부위원회"></key>
			<key name="103.소방본부/소방서"></key>
		</key>
		<key name="105.지방자치단체">
			<key name="105.지방민원/세무"></key>
			<key name="102.기초단체"></key>
			<key name="103.기초의회"></key>
			<key name="101.광역의회"></key>
			<key name="100.광역단체"></key>
			<key name="104.주민센터"></key>
		</key>
		<key name="103.정치/선거">
			<key name="100.대통령선거"></key>
			<key name="104.정치인 팬클럽"></key>
			<key name="101.선거기관/단체"></key>
			<key name="102.정당"></key>
			<key name="103.정치인"></key>
			<key name="105.정치포럼/단체"></key>
		</key>
	</key>
	<key name="110.사회">
		<key name="102.기타">
			<key name="104.환경기관/단체"></key>
			<key name="105.환경운동/캠페인"></key>
			<key name="103.재활용/폐기물처리"></key>
			<key name="102.안티사이트"></key>
			<key name="100.기타"></key>
			<key name="101.남북통일"></key>
		</key>
		<key name="105.해외지역정보">
			<key name="105.중동"></key>
			<key name="104.중국"></key>
			<key name="101.아프리카"></key>
			<key name="103.일본"></key>
			<key name="107.해외지역정보 기타"></key>
			<key name="102.유럽"></key>
			<key name="100.미국"></key>
			<key name="108.호주/뉴질랜드"></key>
			<key name="106.캐나다"></key>
		</key>
		<key name="100.NGO">
			<key name="100.국내 NGO"></key>
			<key name="101.외국 NGO"></key>
		</key>
		<key name="103.인권/복지/노동">
			<key name="102.국제인권"></key>
			<key name="116.장애인복지시설"></key>
			<key name="112.여성단체/기관"></key>
			<key name="105.노인인권"></key>
			<key name="104.노인"></key>
			<key name="103.노동조합"></key>
			<key name="110.산업재해"></key>
			<key name="100.고아원/보육원"></key>
			<key name="113.여성인권"></key>
			<key name="108.봉사/기부"></key>
			<key name="115.장애인 기관/단체"></key>
			<key name="101.공제회"></key>
			<key name="106.문화센터"></key>
			<key name="119.청소년위원회"></key>
			<key name="118.청소년수련관"></key>
			<key name="114.입양/미혼모"></key>
			<key name="107.복지단체/기관"></key>
			<key name="109.사회공헌/CSR"></key>
			<key name="111.아동인권"></key>
			<key name="117.청소년상담센터"></key>
			<key name="120.청소년회관"></key>
		</key>
		<key name="104.종교">
			<key name="105.원불교"></key>
			<key name="101.기독교포털"></key>
			<key name="108.종교음악"></key>
			<key name="100.교회"></key>
			<key name="102.기타종교/영적세계"></key>
			<key name="103.불교"></key>
			<key name="106.종교단체"></key>
			<key name="107.종교동아리/동호회"></key>
			<key name="104.선교"></key>
			<key name="109.천주교"></key>
		</key>
		<key name="101.국내지역정보">
			<key name="117.충청북도"></key>
			<key name="116.충청남도"></key>
			<key name="108.서울특별시"></key>
			<key name="103.경상북도"></key>
			<key name="109.울산광역시"></key>
			<key name="110.인천광역시"></key>
			<key name="114.지역/상가포털"></key>
			<key name="102.경상남도"></key>
			<key name="115.지역정보기타"></key>
			<key name="113.제주도"></key>
			<key name="112.전라북도"></key>
			<key name="101.경기도"></key>
			<key name="100.강원도"></key>
			<key name="105.대구광역시"></key>
			<key name="107.부산광역시"></key>
			<key name="104.광주광역시"></key>
			<key name="106.대전광역시"></key>
			<key name="111.전라남도"></key>
		</key>
	</key>
	<key name="117.전자/가전">
		<key name="100.가전제품브랜드">
			<key name="101.생활가전"></key>
			<key name="106.캠코더/카메라브랜드"></key>
			<key name="105.종합가전"></key>
			<key name="104.수입가전브랜드"></key>
			<key name="102.생활가전브랜드"></key>
			<key name="103.소형가전"></key>
			<key name="100.MP3브랜드"></key>
		</key>
		<key name="101.가전제품쇼핑">
			<key name="102.영상/음향기기쇼핑몰"></key>
			<key name="101.생활가전쇼핑몰"></key>
			<key name="104.중고가전쇼핑몰"></key>
			<key name="100.MP3쇼핑몰"></key>
			<key name="103.종합가전쇼핑몰"></key>
			<key name="105.카메라쇼핑몰"></key>
		</key>
		<key name="103.컴퓨터및주변기기">
			<key name="107.컴퓨터 렌탈/임대"></key>
			<key name="103.서버쇼핑몰"></key>
			<key name="105.중고컴퓨터쇼핑몰"></key>
			<key name="111.컴퓨터장치/주변기기"></key>
			<key name="110.컴퓨터쇼핑몰"></key>
			<key name="100.공CD쇼핑몰"></key>
			<key name="109.컴퓨터/하드웨어"></key>
			<key name="102.노트북쇼핑몰"></key>
			<key name="104.소프트웨어쇼핑몰"></key>
			<key name="112.하드웨어정보"></key>
			<key name="106.컴퓨터 관련 커뮤니티"></key>
			<key name="101.네트워크관련제품쇼핑몰"></key>
			<key name="108.컴퓨터 유지/보수"></key>
		</key>
		<key name="102.전기전자장비/부품">
			<key name="109.조명/디스플레이제조"></key>
			<key name="110.카메라/휴대폰부품"></key>
			<key name="108.전지/배터리"></key>
			<key name="101.기타통신기기"></key>
			<key name="104.방송/영상장비"></key>
			<key name="102.모니터/패널"></key>
			<key name="100.광통신부품"></key>
			<key name="107.전자부품제조"></key>
			<key name="103.반도체"></key>
			<key name="105.영상/음향기기"></key>
			<key name="106.전기/전원장치"></key>
		</key>
	</key>
	<key name="106.뉴스/미디어">
		<key name="101.기타">
			<key name="100.언론단체/기관"></key>
		</key>
		<key name="105.연예일간지">
			<key name="100.연예/오락전문지"></key>
		</key>
		<key name="106.인터넷종합뉴스">
			<key name="100.기사검색"></key>
			<key name="101.인터넷뉴미디어"></key>
			<key name="104.포털뉴스"></key>
			<key name="103.통신사"></key>
			<key name="102.종합인터넷신문"></key>
		</key>
		<key name="104.시사전문">
			<key name="100.시사/경제전문지"></key>
		</key>
		<key name="100.경제일간지">
			<key name="100.경제신문"></key>
		</key>
		<key name="107.잡지/웹진/전문지">
			<key name="113.장애인신문"></key>
			<key name="100.IT/정보통신전문지"></key>
			<key name="115.청소년/대학신문"></key>
			<key name="112.자동차전문지"></key>
			<key name="103.기타전문지"></key>
			<key name="117.환경뉴스"></key>
			<key name="111.웹진"></key>
			<key name="110.외국신문/잡지"></key>
			<key name="116.패션/의류전문지"></key>
			<key name="102.건설/부동산신문"></key>
			<key name="104.남성잡지"></key>
			<key name="109.여성/주부전문지"></key>
			<key name="114.종교신문"></key>
			<key name="106.방송뉴스"></key>
			<key name="108.약학신문"></key>
			<key name="101.IT뉴스"></key>
			<key name="107.생활정보신문"></key>
			<key name="105.메일매거진"></key>
		</key>
		<key name="109.지역일간지">
			<key name="100.지역뉴스"></key>
		</key>
		<key name="102.방송국/방송사">
			<key name="107.위성/케이블채널"></key>
			<key name="103.기타인터넷방송"></key>
			<key name="102.기독교인터넷방송"></key>
			<key name="104.라디오방송국"></key>
			<key name="109.지역방송국"></key>
			<key name="105.방송기타"></key>
			<key name="108.종합인터넷방송"></key>
			<key name="101.개인방송국"></key>
			<key name="106.불교인터넷방송"></key>
			<key name="110.지역인터넷방송"></key>
			<key name="111.지역케이블/위성방송사"></key>
			<key name="100.TV방송"></key>
		</key>
		<key name="108.종합일간지">
			<key name="101.종합일간지"></key>
			<key name="100.무료일간지"></key>
		</key>
		<key name="103.스포츠일간지">
			<key name="100.스포츠신문"></key>
		</key>
	</key>
	<key name="109.비즈니스/산업">
		<key name="105.인쇄/문구/사무용품">
			<key name="108.인쇄용지제조"></key>
			<key name="113.판촉물/기념품쇼핑몰"></key>
			<key name="107.인쇄/제본"></key>
			<key name="100.골판지제조"></key>
			<key name="101.명함"></key>
			<key name="109.제지/펄프제조"></key>
			<key name="110.종이컵제조"></key>
			<key name="112.트로피/상패쇼핑몰"></key>
			<key name="106.식품용지/산업용지 제조"></key>
			<key name="105.쇼핑백/봉투제조"></key>
			<key name="114.포장/박스"></key>
			<key name="103.사무기기"></key>
			<key name="104.사무용품쇼핑몰"></key>
			<key name="102.문구/사무용품"></key>
			<key name="111.출판사"></key>
		</key>
		<key name="103.기업/경제단체/경제정보">
			<key name="100.경제관련단체/경제정보"></key>
			<key name="103.대기업/그룹사"></key>
			<key name="101.경제연구소"></key>
			<key name="102.경제정보"></key>
		</key>
		<key name="102.기계/산업용품">
			<key name="100.검사/측정기기"></key>
			<key name="103.산업기계/장비"></key>
			<key name="104.소재/재료"></key>
			<key name="102.기타산업용품"></key>
			<key name="108.전자부품쇼핑몰"></key>
			<key name="107.전선/케이블"></key>
			<key name="110.중장비/특수차"></key>
			<key name="106.자동판매기쇼핑몰"></key>
			<key name="109.중공업/설비"></key>
			<key name="111.철물/공구쇼핑몰"></key>
			<key name="101.공구/베어링"></key>
			<key name="105.엔지니어링"></key>
		</key>
		<key name="107.창업/프랜차이즈">
			<key name="111.커피/음료프랜차이즈"></key>
			<key name="112.패스트푸드프랜차이즈"></key>
			<key name="101.무점포창업"></key>
			<key name="105.아이스크림프랜차이즈"></key>
			<key name="100.다단계판매"></key>
			<key name="104.소호"></key>
			<key name="108.주류프랜차이즈"></key>
			<key name="109.창업정보"></key>
			<key name="102.부업"></key>
			<key name="106.오락프랜차이즈"></key>
			<key name="103.서비스프랜차이즈"></key>
			<key name="110.치킨프랜차이즈"></key>
			<key name="107.음식점프랜차이즈"></key>
		</key>
		<key name="106.인터넷/모바일비즈니스">
			<key name="101.웹사이트분석/평가"></key>
			<key name="100.사이트중개/매매"></key>
			<key name="104.인터넷마케팅"></key>
			<key name="103.인터넷리서치/통계"></key>
			<key name="102.인터넷광고대행사/미디어랩"></key>
		</key>
		<key name="108.컨설팅">
			<key name="102.기업인수/합병 컨설팅"></key>
			<key name="103.마케팅 컨설팅"></key>
			<key name="104.인사관리 컨설팅"></key>
			<key name="100.건설 컨설팅"></key>
			<key name="101.경영 컨설팅"></key>
		</key>
		<key name="104.기타비즈니스/산업">
			<key name="138.종합화학"></key>
			<key name="118.무역정보"></key>
			<key name="125.섬유원단제조/가공"></key>
			<key name="100.가스/석유/석탄"></key>
			<key name="115.대체에너지"></key>
			<key name="135.전기/발전"></key>
			<key name="126.세무/회계단체"></key>
			<key name="129.용접"></key>
			<key name="108.귀금속/보석유통"></key>
			<key name="134.전기/가스/석유 유통"></key>
			<key name="128.식품 무역업체"></key>
			<key name="142.페인트/도료"></key>
			<key name="119.반도체 무역업체"></key>
			<key name="145.화학 무역업체"></key>
			<key name="120.비료/농약제조"></key>
			<key name="110.기계 무역업체"></key>
			<key name="107.고무/합성수지"></key>
			<key name="127.세무사사무소"></key>
			<key name="106.건축사사무소"></key>
			<key name="114.농림수산업/가공업"></key>
			<key name="109.금속"></key>
			<key name="105.건축/인테리어자재"></key>
			<key name="130.유리"></key>
			<key name="139.중소벤처기관/단체"></key>
			<key name="116.무역거래/대행/중개"></key>
			<key name="140.컴퓨터자수"></key>
			<key name="103.건설/토목자재"></key>
			<key name="122.서식/양식"></key>
			<key name="132.의류 무역업체"></key>
			<key name="111.기타제조"></key>
			<key name="144.화공약품"></key>
			<key name="124.섬유 무역업체"></key>
			<key name="112.기타화학제품"></key>
			<key name="102.건설/건축 정보"></key>
			<key name="101.가죽/피혁제조"></key>
			<key name="117.무역기관/단체"></key>
			<key name="137.종합상사"></key>
			<key name="123.석유화학"></key>
			<key name="113.냉난방/환기(HVAC)"></key>
			<key name="121.생활용품 무역업체"></key>
			<key name="104.건설업체"></key>
			<key name="141.통역/번역"></key>
			<key name="133.자동차 무역업체"></key>
			<key name="131.유통/판매업 기타"></key>
			<key name="136.전기/전자 무역업체"></key>
			<key name="143.프리젠테이션"></key>
		</key>
		<key name="100.B2B">
			<key name="100.B2B중개/보증"></key>
			<key name="110.화학B2B"></key>
			<key name="103.기계/장비 B2B"></key>
			<key name="108.종합B2B"></key>
			<key name="102.건설B2B"></key>
			<key name="107.전기전자B2B"></key>
			<key name="101.MRO B2B"></key>
			<key name="105.섬유/패션B2B"></key>
			<key name="106.식품B2B"></key>
			<key name="104.기업통합구매시스템"></key>
			<key name="109.컴퓨터B2B"></key>
		</key>
		<key name="101.광고/마케팅">
			<key name="110.제휴마케팅"></key>
			<key name="102.광고대행사"></key>
			<key name="104.기업PR/프로모션대행"></key>
			<key name="101.광고기타"></key>
			<key name="108.브랜드/네이밍"></key>
			<key name="106.리서치/통계"></key>
			<key name="107.마케팅/광고정보"></key>
			<key name="109.옥외광고"></key>
			<key name="105.네트워크마케팅"></key>
			<key name="103.광고디자인업체"></key>
			<key name="111.텔레마케팅"></key>
			<key name="100.CI/로고 디자인"></key>
		</key>
	</key>
	<key name="120.취업">
		<key name="100.구인구직/취업정보">
			<key name="109.헤드헌팅/인력파견"></key>
			<key name="102.성인전문구인/구직"></key>
			<key name="108.지역구인/구직"></key>
			<key name="104.이력서/자기소개서 대행"></key>
			<key name="105.장애인취업"></key>
			<key name="103.여성취업"></key>
			<key name="100.그룹사/기업채용"></key>
			<key name="106.전문구인/구직"></key>
			<key name="101.노인취업"></key>
			<key name="107.종합구인/구직"></key>
		</key>
		<key name="101.아르바이트구인구직">
			<key name="101.역할대행"></key>
			<key name="100.아르바이트"></key>
		</key>
	</key>
	<key name="114.온라인커뮤니티/블로그">
		<key name="106.직장인 커뮤니티">
			<key name="100.직장인 커뮤니티"></key>
		</key>
		<key name="101.게임커뮤니티">
			<key name="100.게임커뮤니티"></key>
		</key>
		<key name="103.블로그/SNS">
			<key name="108.종합블로그"></key>
			<key name="103.기업블로그"></key>
			<key name="106.소셜허브"></key>
			<key name="105.문화블로그"></key>
			<key name="109.트위터"></key>
			<key name="110.포털블로그"></key>
			<key name="100.SNS"></key>
			<key name="104.마이크로블로그"></key>
			<key name="107.언론사블로그"></key>
			<key name="102.공공블로그"></key>
			<key name="101.개인블로그"></key>
		</key>
		<key name="102.기타커뮤니티">
			<key name="101.고등학교 커뮤니티"></key>
			<key name="117.포털게시판"></key>
			<key name="118.포털커뮤니티"></key>
			<key name="114.취업 커뮤니티"></key>
			<key name="106.사진/카메라 커뮤니티"></key>
			<key name="109.의학 커뮤니티"></key>
			<key name="116.커뮤니티포털"></key>
			<key name="111.지식 커뮤니티"></key>
			<key name="110.제품 리뷰/후기"></key>
			<key name="108.연령별 커뮤니티"></key>
			<key name="100.경제 커뮤니티"></key>
			<key name="119.해외한인 커뮤니티"></key>
			<key name="115.친목도모 커뮤니티"></key>
			<key name="104.동성애"></key>
			<key name="105.미팅/연애"></key>
			<key name="112.지역 커뮤니티"></key>
			<key name="103.기타 커뮤니티"></key>
			<key name="113.초등학교 커뮤니티"></key>
			<key name="102.군대 커뮤니티"></key>
			<key name="107.사회 커뮤니티"></key>
		</key>
		<key name="104.어린이포털/커뮤니티">
			<key name="100.어린이커뮤니티"></key>
			<key name="101.포털어린이"></key>
		</key>
		<key name="105.여성포털/커뮤니티">
			<key name="100.여성커뮤니티포털"></key>
			<key name="101.포털여성"></key>
		</key>
		<key name="100.P2P/공유">
			<key name="102.컨텐츠링크/검색"></key>
			<key name="104.토렌트정보"></key>
			<key name="100.P2P"></key>
			<key name="101.드라마 커뮤니티"></key>
			<key name="103.컨텐츠포털"></key>
		</key>
	</key>
	<key name="100.IT/통신">
		<key name="106.이동통신/초고속인터넷/휴대폰">
			<key name="104.스마트폰/PDA"></key>
			<key name="102.국제전화/선불카드"></key>
			<key name="105.스마트폰/PDA 커뮤니티"></key>
			<key name="108.이동통신사"></key>
			<key name="109.중고휴대폰쇼핑몰"></key>
			<key name="113.휴대폰브랜드"></key>
			<key name="114.휴대폰쇼핑몰"></key>
			<key name="103.로밍서비스"></key>
			<key name="112.휴대폰/모바일단말기"></key>
			<key name="107.이동통신브랜드"></key>
			<key name="110.초고속인터넷가입센터"></key>
			<key name="100.ISP"></key>
			<key name="101.고객지원센터"></key>
			<key name="106.시내/시외/이동전화"></key>
			<key name="111.휴대폰 커뮤니티"></key>
		</key>
		<key name="108.채팅/메일/메신저">
			<key name="104.채팅/대화"></key>
			<key name="102.인터넷카드"></key>
			<key name="100.메신저"></key>
			<key name="103.인터넷폰"></key>
			<key name="101.메일계정"></key>
		</key>
		<key name="103.소프트웨어/프로그램/솔루션/보안">
			<key name="131.웹애플리케이션개발/공급"></key>
			<key name="118.무선인터넷솔루션개발"></key>
			<key name="120.바이러스백신개발"></key>
			<key name="102.ERP/SCM"></key>
			<key name="117.모바일솔루션개발"></key>
			<key name="122.비즈플랫폼"></key>
			<key name="123.사이트구축솔루션"></key>
			<key name="115.멀티미디어 솔루션"></key>
			<key name="114.로그분석/카운터"></key>
			<key name="126.쇼핑몰/판매관리"></key>
			<key name="108.SI/SM"></key>
			<key name="106.LOG/CRM솔루션"></key>
			<key name="127.쇼핑몰구축"></key>
			<key name="116.메일솔루션"></key>
			<key name="100.CRM/영업관리"></key>
			<key name="125.소프트웨어 정보"></key>
			<key name="121.보안/암호화"></key>
			<key name="134.전자결제솔루션"></key>
			<key name="129.운영체제(OS)"></key>
			<key name="110.광고/마케팅관리"></key>
			<key name="132.웹에이전시"></key>
			<key name="103.ERP/그룹웨어개발"></key>
			<key name="109.검색엔진솔루션"></key>
			<key name="137.판매/재고관리솔루션"></key>
			<key name="138.홈페이지제작"></key>
			<key name="105.Graphic관련개발"></key>
			<key name="101.DB관련개발"></key>
			<key name="112.기타웹솔루션개발"></key>
			<key name="113.데이터베이스 솔루션"></key>
			<key name="119.문서편집기"></key>
			<key name="136.타자연습"></key>
			<key name="107.OS관련개발"></key>
			<key name="133.응용프로그램개발/공급"></key>
			<key name="135.전자세금계산서"></key>
			<key name="104.FTP"></key>
			<key name="124.세무/회계솔루션"></key>
			<key name="130.원격/화상/교육솔루션"></key>
			<key name="111.그룹웨어/업무관리"></key>
			<key name="128.쇼핑몰솔루션"></key>
		</key>
		<key name="105.유틸리티/자료실">
			<key name="102.인터넷/컴퓨터 관련단체"></key>
			<key name="100.데스크탑가젯"></key>
			<key name="103.자료실"></key>
			<key name="104.폰트/서체"></key>
			<key name="101.바탕화면"></key>
		</key>
		<key name="102.모바일컨텐츠">
			<key name="100.SMS/문자메시지"></key>
			<key name="103.벨소리/연결음"></key>
			<key name="102.모바일 앱/리뷰"></key>
			<key name="104.앱스토어"></key>
			<key name="101.기타모바일컨텐츠"></key>
			<key name="105.포털모바일"></key>
		</key>
		<key name="104.웹서비스/웹저작도구">
			<key name="104.소셜앱/위젯"></key>
			<key name="105.웹디자인/그래픽"></key>
			<key name="107.이미지/클립아트"></key>
			<key name="106.웹스토리지"></key>
			<key name="109.지도"></key>
			<key name="102.무료게시판"></key>
			<key name="100.RSS리더"></key>
			<key name="101.가계부"></key>
			<key name="111.포털지도/지역정보"></key>
			<key name="108.인터넷팩스"></key>
			<key name="112.프로그래밍"></key>
			<key name="110.캘린더/일정관리"></key>
			<key name="103.북마크공유"></key>
		</key>
		<key name="101.도메인/호스팅">
			<key name="100.URL단순화"></key>
			<key name="103.웹호스팅"></key>
			<key name="102.도메인포워딩"></key>
			<key name="101.도메인등록대행"></key>
			<key name="104.홈페이지계정"></key>
		</key>
		<key name="100.네트워크/정보통신서비스">
			<key name="102.기타정보통신서비스"></key>
			<key name="100.CDN솔루션구축/서비스"></key>
			<key name="103.네트워크구축/컨설팅"></key>
			<key name="106.유무선통신장비"></key>
			<key name="108.통신서비스업체"></key>
			<key name="107.인터넷서비스업체"></key>
			<key name="105.네트워크장비유통/공급"></key>
			<key name="101.IDC"></key>
			<key name="104.네트워크기술/장비개발"></key>
		</key>
		<key name="107.인터넷포털/인터넷검색">
			<key name="106.해외포털"></key>
			<key name="102.링크모음"></key>
			<key name="105.포털지식검색"></key>
			<key name="103.종합포털"></key>
			<key name="101.검색툴"></key>
			<key name="104.포털검색"></key>
			<key name="100.검색엔진"></key>
		</key>
	</key>
	<key name="113.여행">
		<key name="103.여행정보/여행기타">
			<key name="104.여행기타"></key>
			<key name="106.종합여행정보"></key>
			<key name="103.여행관련기관/단체"></key>
			<key name="107.해외관관청"></key>
			<key name="105.여행신문"></key>
			<key name="100.국내지역여행정보"></key>
			<key name="101.기타여행정보"></key>
			<key name="108.해외관광청"></key>
			<key name="109.해외여행정보"></key>
			<key name="102.여권/비자발급대행"></key>
		</key>
		<key name="101.숙박">
			<key name="101.리조트/콘도"></key>
			<key name="109.홈스테이"></key>
			<key name="107.캠프장"></key>
			<key name="106.종합숙박예약"></key>
			<key name="105.유스호스텔"></key>
			<key name="102.모텔"></key>
			<key name="104.산장"></key>
			<key name="100.기타숙박"></key>
			<key name="103.민박/펜션"></key>
			<key name="108.호텔"></key>
		</key>
		<key name="100.교통/항공">
			<key name="104.항공"></key>
			<key name="102.여행과교통기타"></key>
			<key name="107.항공정보"></key>
			<key name="100.국내공항"></key>
			<key name="101.렌터카"></key>
			<key name="108.해외공항"></key>
			<key name="103.전세버스"></key>
			<key name="106.항공기관/단체"></key>
			<key name="105.항공 동맹체"></key>
		</key>
		<key name="102.여행사">
			<key name="102.자유여행사"></key>
			<key name="105.해외여행사"></key>
			<key name="104.테마여행사"></key>
			<key name="100.국내여행사"></key>
			<key name="101.신혼여행사"></key>
			<key name="103.종합여행사"></key>
		</key>
		<key name="104.여행지/축제/행사">
			<key name="101.놀이공원/테마파크"></key>
			<key name="102.스키장"></key>
			<key name="103.온천/워터파크"></key>
			<key name="105.축제/행사"></key>
			<key name="106.허브농장"></key>
			<key name="104.주말농장"></key>
			<key name="100.관광농원/휴양지"></key>
		</key>
	</key>
	<key name="111.스포츠/레저">
		<key name="105.야외활동/레포츠">
			<key name="101.경마"></key>
			<key name="108.패러글라이딩/행글라이딩"></key>
			<key name="105.서바이벌게임"></key>
			<key name="100.경륜"></key>
			<key name="102.낚시"></key>
			<key name="104.래프팅"></key>
			<key name="106.인라인스케이트"></key>
			<key name="103.등산/등반"></key>
			<key name="107.자전거/모터사이클"></key>
		</key>
		<key name="100.겨울스포츠">
			<key name="100.스케이팅"></key>
			<key name="101.스키/스노우보드"></key>
		</key>
		<key name="101.골프">
			<key name="104.스크린 골프장"></key>
			<key name="101.골프연습장"></key>
			<key name="102.골프장"></key>
			<key name="100.골프 회원권 거래소"></key>
			<key name="103.골프정보"></key>
		</key>
		<key name="106.축구">
			<key name="104.축구정보/서포터즈"></key>
			<key name="100.국내프로축구단"></key>
			<key name="101.아마추어축구"></key>
			<key name="105.해외프로축구단"></key>
			<key name="103.축구단체/기관"></key>
			<key name="102.축구경기장"></key>
		</key>
		<key name="104.야구">
			<key name="106.야구정보"></key>
			<key name="105.야구장"></key>
			<key name="107.일본프로야구단"></key>
			<key name="101.미국프로야구단"></key>
			<key name="104.야구단체/기관"></key>
			<key name="103.야구경기/대회"></key>
			<key name="102.아마추어야구"></key>
			<key name="100.국내프로야구단"></key>
		</key>
		<key name="102.스포츠/레저용품">
			<key name="109.여행용품쇼핑몰"></key>
			<key name="103.등산/캠핑용품쇼핑몰"></key>
			<key name="107.스포츠용품제조"></key>
			<key name="100.골프쇼핑몰"></key>
			<key name="106.스포츠용품쇼핑몰"></key>
			<key name="111.축구용품쇼핑몰"></key>
			<key name="104.레저용품쇼핑몰"></key>
			<key name="105.스포츠/아웃도어의류"></key>
			<key name="102.낚시쇼핑몰"></key>
			<key name="108.스포츠의류쇼핑몰"></key>
			<key name="110.자전거/바이크쇼핑몰"></key>
			<key name="101.골프웨어브랜드"></key>
		</key>
		<key name="103.스포츠기타">
			<key name="113.스포츠선수"></key>
			<key name="106.마라톤대회/경기"></key>
			<key name="102.기타 무예/격투기"></key>
			<key name="103.농구기관/단체"></key>
			<key name="107.배구팀/구단"></key>
			<key name="110.수영/다이빙"></key>
			<key name="119.태권도체육관"></key>
			<key name="122.프로레슬링"></key>
			<key name="104.대회/경기"></key>
			<key name="115.스포츠종합정보"></key>
			<key name="118.종합레저/레포츠"></key>
			<key name="114.스포츠센터"></key>
			<key name="117.이종격투기"></key>
			<key name="101.기업스포츠단"></key>
			<key name="100.권투"></key>
			<key name="121.프로농구"></key>
			<key name="105.마라톤"></key>
			<key name="111.스포츠관련단체"></key>
			<key name="116.윈드서핑/스쿠버"></key>
			<key name="120.태권도협회"></key>
			<key name="112.스포츠기타"></key>
			<key name="109.볼링기관/단체"></key>
			<key name="108.보트/요트"></key>
		</key>
	</key>
	<key name="115.의류/패션">
		<key name="111.패션잡화">
			<key name="102.기타패션잡화쇼핑몰"></key>
			<key name="101.기능/특수화전문몰"></key>
			<key name="105.선글라스쇼핑몰"></key>
			<key name="106.우산쇼핑몰"></key>
			<key name="104.라이터쇼핑몰"></key>
			<key name="103.단추쇼핑몰"></key>
			<key name="100.가방쇼핑몰"></key>
			<key name="107.패션액세서리쇼핑몰"></key>
		</key>
		<key name="102.명품">
			<key name="101.명품쇼핑몰"></key>
			<key name="102.중고명품쇼핑몰"></key>
			<key name="100.명품브랜드"></key>
		</key>
		<key name="103.속옷쇼핑몰">
			<key name="100.속옷쇼핑몰"></key>
		</key>
		<key name="105.아동복">
			<key name="100.아동복쇼핑몰"></key>
		</key>
		<key name="110.패션브랜드/제조사">
			<key name="100.SPA브랜드"></key>
			<key name="101.남성의류브랜드"></key>
			<key name="102.속옷제조"></key>
			<key name="106.유아복브랜드"></key>
			<key name="107.정장의류제조"></key>
			<key name="103.신발브랜드"></key>
			<key name="105.여성의류브랜드"></key>
			<key name="109.학생복"></key>
			<key name="108.캐주얼웨어브랜드"></key>
			<key name="104.아동복브랜드"></key>
		</key>
		<key name="107.임부복">
			<key name="100.임부복쇼핑몰"></key>
		</key>
		<key name="108.종합의류">
			<key name="103.브랜드종합의류쇼핑몰"></key>
			<key name="107.종합의류쇼핑몰"></key>
			<key name="102.멀티샵"></key>
			<key name="101.구제쇼핑몰"></key>
			<key name="105.아울렛"></key>
			<key name="100.SPA브랜드쇼핑몰"></key>
			<key name="106.연예인의류쇼핑몰"></key>
			<key name="108.커플쇼핑몰"></key>
			<key name="104.브랜드청바지쇼핑몰"></key>
			<key name="109.패션/쇼핑타운"></key>
			<key name="110.패션몰링크/검색"></key>
		</key>
		<key name="109.쥬얼리/귀금속">
			<key name="101.시계쇼핑몰"></key>
			<key name="100.귀금속쇼핑몰"></key>
		</key>
		<key name="106.여성의류">
			<key name="101.여성의류쇼핑몰"></key>
			<key name="100.브랜드여성의류쇼핑몰"></key>
		</key>
		<key name="104.신발/구두/운동화">
			<key name="101.여성화전문몰"></key>
			<key name="102.종합신발쇼핑몰"></key>
			<key name="100.남성화전문몰"></key>
		</key>
		<key name="100.기타의류">
			<key name="101.단체복쇼핑몰"></key>
			<key name="102.빅사이즈의류쇼핑몰"></key>
			<key name="100.가죽의복/인조모피쇼핑몰"></key>
			<key name="103.한복"></key>
		</key>
		<key name="101.남성의류">
			<key name="100.남성의류쇼핑몰"></key>
			<key name="101.브랜드남성의류쇼핑몰"></key>
		</key>
	</key>
	<key name="107.문화/예술/오락">
		<key name="106.성인사이트(추가)">
			<key name="100.성인만화"></key>
			<key name="102.성인정보"></key>
			<key name="101.성인방송"></key>
		</key>
		<key name="107.연예/스타">
			<key name="105.팬클럽"></key>
			<key name="101.모델에이전시"></key>
			<key name="100.가수"></key>
			<key name="102.배우/방송인"></key>
			<key name="104.연예인/스타"></key>
			<key name="103.연예기획/매니지먼트"></key>
		</key>
		<key name="101.공연/예술/관람티켓">
			<key name="102.공연정보"></key>
			<key name="109.연극/극단"></key>
			<key name="106.미술"></key>
			<key name="113.티켓예약"></key>
			<key name="100.갤러리/전시관"></key>
			<key name="112.전통예술"></key>
			<key name="101.공연장"></key>
			<key name="108.사진예술"></key>
			<key name="110.예술단체"></key>
			<key name="107.미술관"></key>
			<key name="104.무용/춤"></key>
			<key name="105.뮤지컬/퍼포먼스"></key>
			<key name="103.디자인"></key>
			<key name="111.예술센터"></key>
		</key>
		<key name="102.기타 문화/예술">
			<key name="102.도서관"></key>
			<key name="107.문화재"></key>
			<key name="101.기념관"></key>
			<key name="105.문학포털"></key>
			<key name="100.과학관"></key>
			<key name="103.문학관련 기관/단체"></key>
			<key name="106.문화교류"></key>
			<key name="104.문학작품"></key>
			<key name="109.박물관"></key>
			<key name="110.작가"></key>
			<key name="108.미술품경매"></key>
			<key name="111.전통문화"></key>
		</key>
		<key name="111.음악/동영상/멀티미디어">
			<key name="103.사진/이미지"></key>
			<key name="100.노래가사"></key>
			<key name="110.음악방송"></key>
			<key name="116.포털음악"></key>
			<key name="111.음악정보"></key>
			<key name="106.영상음향기기정보"></key>
			<key name="102.배경음악"></key>
			<key name="108.음악감상"></key>
			<key name="105.언더음악/록"></key>
			<key name="101.동영상/비디오"></key>
			<key name="114.클래식"></key>
			<key name="112.인터넷노래방"></key>
			<key name="109.음악기타"></key>
			<key name="104.악보"></key>
			<key name="113.전통음악"></key>
			<key name="115.포털동영상"></key>
			<key name="107.음반기획/제작"></key>
		</key>
		<key name="104.로또/복권">
			<key name="101.스포츠베팅"></key>
			<key name="100.로또정보"></key>
			<key name="102.온라인복권"></key>
		</key>
		<key name="100.게임">
			<key name="108.게임전문지/웹진"></key>
			<key name="110.길드/동호회"></key>
			<key name="105.게임방송"></key>
			<key name="102.게임기관/단체"></key>
			<key name="117.프로게임단"></key>
			<key name="104.게임대회/리그"></key>
			<key name="115.온라인게임"></key>
			<key name="107.게임인터넷방송"></key>
			<key name="114.아이템거래"></key>
			<key name="100.PC게임"></key>
			<key name="111.모바일게임"></key>
			<key name="109.게임정보/커뮤니티"></key>
			<key name="112.모바일게임개발"></key>
			<key name="113.비디오게임"></key>
			<key name="103.게임기타"></key>
			<key name="106.게임쇼핑몰"></key>
			<key name="101.PC방/게임방"></key>
			<key name="116.컴퓨터게임개발"></key>
		</key>
		<key name="110.유머/재미">
			<key name="100.유머/재미"></key>
		</key>
		<key name="108.영화">
			<key name="114.인터넷영화관"></key>
			<key name="101.극장"></key>
			<key name="102.비디오/DVD정보"></key>
			<key name="106.영화음악"></key>
			<key name="116.포털영화"></key>
			<key name="107.영화작품"></key>
			<key name="115.자동차극장"></key>
			<key name="110.영화제"></key>
			<key name="105.영화배급사"></key>
			<key name="104.영화기관/단체"></key>
			<key name="103.비디오/DVD제작"></key>
			<key name="112.영화제작사(해외)"></key>
			<key name="109.영화정보"></key>
			<key name="111.영화제작사(국내)"></key>
			<key name="108.영화전문지"></key>
			<key name="113.영화평/리뷰"></key>
			<key name="100.TV프로덕션"></key>
		</key>
		<key name="103.도서/음반/악기">
			<key name="100.DVD판매/렌탈"></key>
			<key name="101.도서가격비교"></key>
			<key name="108.중고도서쇼핑몰"></key>
			<key name="107.종합도서쇼핑몰"></key>
			<key name="105.전문도서쇼핑몰"></key>
			<key name="103.어린이도서쇼핑몰"></key>
			<key name="104.음반/CD쇼핑몰"></key>
			<key name="106.전자책(eBook)"></key>
			<key name="102.악기쇼핑몰"></key>
		</key>
		<key name="109.운세/점">
			<key name="102.타로카드"></key>
			<key name="103.포털운세"></key>
			<key name="101.운세/사주/궁합"></key>
			<key name="100.무속인"></key>
		</key>
		<key name="105.만화/애니메이션">
			<key name="104.에세이툰/만화일기"></key>
			<key name="105.인터넷만화방"></key>
			<key name="101.만화가"></key>
			<key name="100.기획/제작사"></key>
			<key name="107.코스튬플레이"></key>
			<key name="106.캐릭터"></key>
			<key name="103.애니메이션작품"></key>
			<key name="108.포털만화"></key>
			<key name="102.만화정보"></key>
		</key>
	</key>
	<key name="200.안드로이드앱">
		<key name="110.라이브러리 및 데모"></key>
		<key name="129.지도/내비게이션"></key>
		<key name="120.스포츠"></key>
		<key name="126.의료"></key>
		<key name="113.부동산/홈 인테리어"></key>
		<key name="131.커뮤니케이션"></key>
		<key name="124.예술/디자인"></key>
		<key name="108.도서 및 참고자료"></key>
		<key name="116.사진"></key>
		<key name="122.엔터테인먼트"></key>
		<key name="118.소셜"></key>
		<key name="111.라이프스타일"></key>
		<key name="123.여행 및 지역정보"></key>
		<key name="117.생산성"></key>
		<key name="128.자동차"></key>
		<key name="101.교육"></key>
		<key name="100.건강/운동"></key>
		<key name="132.키즈"></key>
		<key name="125.음악 및 오디오"></key>
		<key name="121.식음료"></key>
		<key name="130.출산/육아"></key>
		<key name="104.뉴스 및 잡지"></key>
		<key name="115.비즈니스"></key>
		<key name="127.이벤트"></key>
		<key name="114.뷰티"></key>
		<key name="106.데코레이션"></key>
		<key name="107.도구"></key>
		<key name="112.만화"></key>
		<key name="102.금융"></key>
		<key name="133.Android Wear"></key>
		<key name="103.날씨"></key>
		<key name="109.동영상 플레이어/편집기"></key>
		<key name="105.데이트"></key>
		<key name="119.쇼핑"></key>
	</key>
	<key name="201.안드로이드게임">
		<key name="101.교육"></key>
		<key name="109.어드벤처"></key>
		<key name="114.카지노"></key>
		<key name="116.퀴즈"></key>
		<key name="112.전략"></key>
		<key name="104.보드"></key>
		<key name="100.게임"></key>
		<key name="102.단어"></key>
		<key name="113.카드"></key>
		<key name="107.아케이드"></key>
		<key name="105.스포츠"></key>
		<key name="111.자동차 경주"></key>
		<key name="106.시뮬레이션"></key>
		<key name="117.퍼즐"></key>
		<key name="103.롤플레잉"></key>
		<key name="110.음악"></key>
		<key name="108.액션"></key>
		<key name="115.캐주얼 게임"></key>
	</key>
	<key name="300.iOS앱">
		<key name="123.참고"></key>
		<key name="111.소셜 네트워킹"></key>
		<key name="112.쇼핑"></key>
		<key name="109.사진 및 비디오"></key>
		<key name="105.뉴스"></key>
		<key name="121.의학"></key>
		<key name="104.내비게이션"></key>
		<key name="119.음식 및 음료"></key>
		<key name="108.비즈니스"></key>
		<key name="101.교육"></key>
		<key name="110.생산성"></key>
		<key name="106.도서"></key>
		<key name="120.음악"></key>
		<key name="122.잡지 및 신문"></key>
		<key name="115.어린이"></key>
		<key name="114.스포츠"></key>
		<key name="116.엔터테인먼트"></key>
		<key name="100.건강 및 피트니스"></key>
		<key name="107.라이프 스타일"></key>
		<key name="102.금융"></key>
		<key name="103.날씨"></key>
		<key name="118.유틸리티"></key>
		<key name="124.카탈로그"></key>
		<key name="113.스티커"></key>
		<key name="117.여행"></key>
	</key>
	<key name="119.종합쇼핑">
		<key name="100.가격비교">
			<key name="101.종합가격비교"></key>
			<key name="102.포털쇼핑"></key>
			<key name="100.전문가격비교"></key>
		</key>
		<key name="102.쇼핑정보/쇼핑기타">
			<key name="103.리워드/무료경품"></key>
			<key name="106.서브스크립션커머스"></key>
			<key name="100.대형마트/SSM"></key>
			<key name="115.할인/쿠폰"></key>
			<key name="108.재래/도매시장"></key>
			<key name="113.통합마일리지"></key>
			<key name="112.종합몰링크/검색"></key>
			<key name="105.백화점"></key>
			<key name="114.편의점"></key>
			<key name="109.적립/할인카드"></key>
			<key name="110.전문경매"></key>
			<key name="101.덤핑"></key>
			<key name="102.리스/렌탈"></key>
			<key name="104.면세점"></key>
			<key name="111.종합경매"></key>
			<key name="107.쇼핑센터"></key>
		</key>
		<key name="101.소셜커머스">
			<key name="100.메타소셜커머스"></key>
			<key name="101.소셜커머스"></key>
		</key>
		<key name="104.해외쇼핑/구매대행">
			<key name="100.해외배송대행/구매대행"></key>
			<key name="101.해외쇼핑대행"></key>
		</key>
		<key name="103.온라인종합쇼핑몰">
			<key name="101.오픈마켓"></key>
			<key name="100.대형마트쇼핑몰"></key>
			<key name="102.종합쇼핑몰"></key>
			<key name="103.카드사/포인트쇼핑몰"></key>
		</key>
	</key>
	<key name="116.자동차">
		<key name="101.자동차용품/부품/정비">
			<key name="104.자동차정비"></key>
			<key name="106.휠타이어쇼핑몰"></key>
			<key name="105.카오디오쇼핑몰"></key>
			<key name="101.내비게이션/GPS쇼핑몰"></key>
			<key name="100.내비게이션/GPS"></key>
			<key name="103.자동차용품쇼핑몰"></key>
			<key name="102.자동차부품제조"></key>
		</key>
		<key name="100.자동차브랜드/제조사">
			<key name="101.자동차제조"></key>
			<key name="100.자동차브랜드"></key>
		</key>
		<key name="102.자동차정보">
			<key name="101.자동차 커뮤니티"></key>
			<key name="102.자동차정보"></key>
			<key name="100.PMP/내비게이션 커뮤니티"></key>
		</key>
		<key name="103.자동차판매">
			<key name="104.트럭쇼핑몰"></key>
			<key name="101.자동차쇼핑몰"></key>
			<key name="102.자동차판매/영업소"></key>
			<key name="103.중고차쇼핑몰"></key>
			<key name="100.자동차경매"></key>
		</key>
	</key>
</root>